Workbook

Sheet Emissao
A1: Travel ID | B1: Sigla de origem | C1: Sigla de destino | D1: Placa cavalo | E1: MW | F1: UNIDADE | G1: CNPJ ORIGEM | H1: CNPJ DESTINO | I1: STATUS_AUTOMACAO | J1: MENSAGEM_AUTOMACAO | K1: DATA_HORA_AUTOMACAO | L1: FILA_SEQUENCIA | M1: FILA_OPCAO | N1: FILA_DATA_HORA | O1: FILA_USUARIO | P1: FILA_UNIDADE | Q1: FILA_SITUACAO | R1: FILA_DURACAO
F9: =IF(B9="","",IFERROR(_xlfn.XLOOKUP(B9,DePara!$A:$A,DePara!$E:$E),"NÃO ENCONTRADO")) | G9: =IF(B9="","",IFERROR(SUBSTITUTE(_xlfn.XLOOKUP(B9,DePara!$A:$A,DePara!$D:$D),"-",""),"NÃO ENCONTRADO")) | H9: =IF(C9="","",IFERROR(SUBSTITUTE(_xlfn.XLOOKUP(C9,DePara!$A:$A,DePara!$D:$D),"-",""),"NÃO ENCONTRADO"))
F10: =IF(B10="","",IFERROR(_xlfn.XLOOKUP(B10,DePara!$A:$A,DePara!$E:$E),"NÃO ENCONTRADO")) | G10: =IF(B10="","",IFERROR(SUBSTITUTE(_xlfn.XLOOKUP(B10,DePara!$A:$A,DePara!$D:$D),"-",""),"NÃO ENCONTRADO")) | H10: =IF(C10="","",IFERROR(SUBSTITUTE(_xlfn.XLOOKUP(C10,DePara!$A:$A,DePara!$D:$D),"-",""),"NÃO ENCONTRADO"))
F11: =IF(B11="","",IFERROR(_xlfn.XLOOKUP(B11,DePara!$A:$A,DePara!$E:$E),"NÃO ENCONTRADO")) | G11: =IF(B11="","",IFERROR(SUBSTITUTE(_xlfn.XLOOKUP(B11,DePara!$A:$A,DePara!$D:$D),"-",""),"NÃO ENCONTRADO")) | H11: =IF(C11="","",IFERROR(SUBSTITUTE(_xlfn.XLOOKUP(C11,DePara!$A:$A,DePara!$D:$D),"-",""),"NÃO ENCONTRADO"))
F12: =IF(B12="","",IFERROR(_xlfn.XLOOKUP(B12,DePara!$A:$A,DePara!$E:$E),"NÃO ENCONTRADO")) | G12: =IF(B12="","",IFERROR(SUBSTITUTE(_xlfn.XLOOKUP(B12,DePara!$A:$A,DePara!$D:$D),"-",""),"NÃO ENCONTRADO")) | H12: =IF(C12="","",IFERROR(SUBSTITUTE(_xlfn.XLOOKUP(C12,DePara!$A:$A,DePara!$D:$D),"-",""),"NÃO ENCONTRADO"))
F13: =IF(B13="","",IFERROR(_xlfn.XLOOKUP(B13,DePara!$A:$A,DePara!$E:$E),"NÃO ENCONTRADO")) | G13: =IF(B13="","",IFERROR(SUBSTITUTE(_xlfn.XLOOKUP(B13,DePara!$A:$A,DePara!$D:$D),"-",""),"NÃO ENCONTRADO")) | H13: =IF(C13="","",IFERROR(SUBSTITUTE(_xlfn.XLOOKUP(C13,DePara!$A:$A,DePara!$D:$D),"-",""),"NÃO ENCONTRADO"))
F14: =IF(B14="","",IFERROR(_xlfn.XLOOKUP(B14,DePara!$A:$A,DePara!$E:$E),"NÃO ENCONTRADO")) | G14: =IF(B14="","",IFERROR(SUBSTITUTE(_xlfn.XLOOKUP(B14,DePara!$A:$A,DePara!$D:$D),"-",""),"NÃO ENCONTRADO")) | H14: =IF(C14="","",IFERROR(SUBSTITUTE(_xlfn.XLOOKUP(C14,DePara!$A:$A,DePara!$D:$D),"-",""),"NÃO ENCONTRADO"))
F15: =IF(B15="","",IFERROR(_xlfn.XLOOKUP(B15,DePara!$A:$A,DePara!$E:$E),"NÃO ENCONTRADO")) | G15: =IF(B15="","",IFERROR(SUBSTITUTE(_xlfn.XLOOKUP(B15,DePara!$A:$A,DePara!$D:$D),"-",""),"NÃO ENCONTRADO")) | H15: =IF(C15="","",IFERROR(SUBSTITUTE(_xlfn.XLOOKUP(C15,DePara!$A:$A,DePara!$D:$D),"-",""),"NÃO ENCONTRADO"))
F16: =IF(B16="","",IFERROR(_xlfn.XLOOKUP(B16,DePara!$A:$A,DePara!$E:$E),"NÃO ENCONTRADO")) | G16: =IF(B16="","",IFERROR(SUBSTITUTE(_xlfn.XLOOKUP(B16,DePara!$A:$A,DePara!$D:$D),"-",""),"NÃO ENCONTRADO")) | H16: =IF(C16="","",IFERROR(SUBSTITUTE(_xlfn.XLOOKUP(C16,DePara!$A:$A,DePara!$D:$D),"-",""),"NÃO ENCONTRADO"))
F17: =IF(B17="","",IFERROR(_xlfn.XLOOKUP(B17,DePara!$A:$A,DePara!$E:$E),"NÃO ENCONTRADO")) | G17: =IF(B17="","",IFERROR(SUBSTITUTE(_xlfn.XLOOKUP(B17,DePara!$A:$A,DePara!$D:$D),"-",""),"NÃO ENCONTRADO")) | H17: =IF(C17="","",IFERROR(SUBSTITUTE(_xlfn.XLOOKUP(C17,DePara!$A:$A,DePara!$D:$D),"-",""),"NÃO ENCONTRADO"))
F18: =IF(B18="","",IFERROR(_xlfn.XLOOKUP(B18,DePara!$A:$A,DePara!$E:$E),"NÃO ENCONTRADO")) | G18: =IF(B18="","",IFERROR(SUBSTITUTE(_xlfn.XLOOKUP(B18,DePara!$A:$A,DePara!$D:$D),"-",""),"NÃO ENCONTRADO")) | H18: =IF(C18="","",IFERROR(SUBSTITUTE(_xlfn.XLOOKUP(C18,DePara!$A:$A,DePara!$D:$D),"-",""),"NÃO ENCONTRADO"))
F19: =IF(B19="","",IFERROR(_xlfn.XLOOKUP(B19,DePara!$A:$A,DePara!$E:$E),"NÃO ENCONTRADO")) | G19: =IF(B19="","",IFERROR(SUBSTITUTE(_xlfn.XLOOKUP(B19,DePara!$A:$A,DePara!$D:$D),"-",""),"NÃO ENCONTRADO")) | H19: =IF(C19="","",IFERROR(SUBSTITUTE(_xlfn.XLOOKUP(C19,DePara!$A:$A,DePara!$D:$D),"-",""),"NÃO ENCONTRADO"))
F20: =IF(B20="","",IFERROR(_xlfn.XLOOKUP(B20,DePara!$A:$A,DePara!$E:$E),"NÃO ENCONTRADO")) | G20: =IF(B20="","",IFERROR(SUBSTITUTE(_xlfn.XLOOKUP(B20,DePara!$A:$A,DePara!$D:$D),"-",""),"NÃO ENCONTRADO")) | H20: =IF(C20="","",IFERROR(SUBSTITUTE(_xlfn.XLOOKUP(C20,DePara!$A:$A,DePara!$D:$D),"-",""),"NÃO ENCONTRADO"))
... F147: =IF(B147="","",IFERROR(_xlfn.XLOOKUP(B147,DePara!$A:$A,DePara!$E:$E),"NÃO ENCONTRADO")) | G147: =IF(B147="","",IFERROR(SUBSTITUTE(_xlfn.XLOOKUP(B147,DePara!$A:$A,DePara!$D:$D),"-",""),"NÃO ENCONTRADO")) | H147: =IF(C147="","",IFERROR(SUBSTITUTE(_xlfn.XLOOKUP(C147,DePara!$A:$A,DePara!$D:$D),"-",""),"NÃO ENCONTRADO"))

Sheet DePara
A1: Facility0 | B1: Cidade_Facility | C1: UF_Facility | D1: CNPJ_Facility | E1: Unidade Emissora | F1: CHAVE
A94: BRXSP5 | B94: RIBEIRAO PRETO | C94: SP | D94: 03007331013049 | E94: SPE | F94: RIBEIRAO PRETO - SP
A95: BRXSP14 | B95: MARILIA | C95: SP | D95: 03007331022110 | E95: SPE | F95: MARILIA - SP
